reaction_id;ids;growth_after_deletion;status;wt_growth;growth_fraction;growth_drop_pct;is_essential
23;{'NADK'};-4.15E-12;ok;0.586117545;-7.08E-12;100;TRUE
2698;{'QULNS'};-3.88E-12;ok;0.586117545;-6.63E-12;100;TRUE
1794;{'NNDPR'};-1.11E-12;ok;0.586117545;-1.89E-12;100;TRUE
2631;{'DNMPPA'};-5.23E-13;ok;0.586117545;-8.93E-13;100;TRUE
1863;{'GCALDD'};-3.92E-13;ok;0.586117545;-6.69E-13;100;TRUE
2019;{'GTPCI'};-3.57E-13;ok;0.586117545;-6.10E-13;100;TRUE
2672;{'PPCDC'};-2.31E-13;ok;0.586117545;-3.95E-13;100;TRUE
2665;{'AICART'};-2.74E-14;ok;0.586117545;-4.67E-14;100;TRUE
421;{'AIRC2'};-2.25E-14;ok;0.586117545;-3.84E-14;100;TRUE
790;{'DHFR'};-1.95E-14;ok;0.586117545;-3.32E-14;100;TRUE
1781;{'RPI'};-1.23E-14;ok;0.586117545;-2.10E-14;100;TRUE
282;{'PSERT'};-1.20E-14;ok;0.586117545;-2.05E-14;100;TRUE
88;{'GLUPRT'};-1.06E-14;ok;0.586117545;-1.82E-14;100;TRUE
2402;{'EX_nh4_e'};-5.48E-15;ok;0.586117545;-9.34E-15;100;TRUE
422;{'CLPNS161pp'};-5.26E-15;ok;0.586117545;-8.97E-15;100;TRUE
2614;{'ALATRS'};-2.95E-15;ok;0.586117545;-5.04E-15;100;TRUE
1647;{'PGCD'};-2.63E-15;ok;0.586117545;-4.48E-15;100;TRUE
1569;{'EX_so4_e'};-2.43E-15;ok;0.586117545;-4.15E-15;100;TRUE
2283;{'3OAR161'};-1.83E-15;ok;0.586117545;-3.11E-15;100;TRUE
2912;{'DHDPRy'};-1.62E-15;ok;0.586117545;-2.77E-15;100;TRUE
1473;{'PSD181'};-1.52E-15;ok;0.586117545;-2.60E-15;100;TRUE
2483;{'EAR161y'};-1.22E-15;ok;0.586117545;-2.08E-15;100;TRUE
2261;{'OPHHX'};-1.22E-15;ok;0.586117545;-2.08E-15;100;TRUE
1243;{'SDPTA'};-1.22E-15;ok;0.586117545;-2.08E-15;100;TRUE
2180;{'AHSERL2'};-1.22E-15;ok;0.586117545;-2.08E-15;100;TRUE
226;{'HSERTA'};-9.13E-16;ok;0.586117545;-1.56E-15;100;TRUE
1517;{'SADT'};-9.13E-16;ok;0.586117545;-1.56E-15;100;TRUE
2335;{'HMBS'};-9.13E-16;ok;0.586117545;-1.56E-15;100;TRUE
2358;{'3HAD140'};-9.13E-16;ok;0.586117545;-1.56E-15;100;TRUE
2752;{'3HAD160'};-8.11E-16;ok;0.586117545;-1.38E-15;100;TRUE
2515;{'NI2tex'};-8.11E-16;ok;0.586117545;-1.38E-15;100;TRUE
1388;{'PAPPT3'};-8.11E-16;ok;0.586117545;-1.38E-15;100;TRUE
2670;{'SHK3Dr'};-8.11E-16;ok;0.586117545;-1.38E-15;100;TRUE
2384;{'EAR120y'};-6.98E-16;ok;0.586117545;-1.19E-15;100;TRUE
1857;{'CA2tex'};-6.08E-16;ok;0.586117545;-1.04E-15;100;TRUE
351;{'DHAD2'};-6.08E-16;ok;0.586117545;-1.04E-15;100;TRUE
1869;{'I2FE2SS2fdx'};-6.08E-16;ok;0.586117545;-1.04E-15;100;TRUE
2884;{'EAR160y'};-6.08E-16;ok;0.586117545;-1.04E-15;100;TRUE
11;{'CU2tpp'};-4.06E-16;ok;0.586117545;-6.92E-16;100;TRUE
2729;{'DDPA'};-4.06E-16;ok;0.586117545;-6.92E-16;100;TRUE
118;{'FCLT'};-4.06E-16;ok;0.586117545;-6.92E-16;100;TRUE
292;{'3HAD180'};-4.06E-16;ok;0.586117545;-6.92E-16;100;TRUE
526;{'CHORS'};-4.06E-16;ok;0.586117545;-6.92E-16;100;TRUE
590;{'GLUTRR'};-4.06E-16;ok;0.586117545;-6.92E-16;100;TRUE
1433;{'EX_mobd_e'};-4.06E-16;ok;0.586117545;-6.92E-16;100;TRUE
1468;{'RNDR1'};-4.06E-16;ok;0.586117545;-6.92E-16;100;TRUE
1651;{'THDPS'};-4.06E-16;ok;0.586117545;-6.92E-16;100;TRUE
2035;{'ACHBS'};-4.06E-16;ok;0.586117545;-6.92E-16;100;TRUE
2527;{'I4FE4SRfdx'};-4.06E-16;ok;0.586117545;-6.92E-16;100;TRUE
2694;{'IPPMIa'};-4.06E-16;ok;0.586117545;-6.92E-16;100;TRUE
2921;{'PGSA181'};-4.06E-16;ok;0.586117545;-6.92E-16;100;TRUE
2562;{'SDPDS'};-4.06E-16;ok;0.586117545;-6.92E-16;100;TRUE
2580;{'HEMEOS'};-4.06E-16;ok;0.586117545;-6.92E-16;100;TRUE
2613;{'RBFSa'};-4.06E-16;ok;0.586117545;-6.92E-16;100;TRUE
1993;{'IGPS'};-4.06E-16;ok;0.586117545;-6.92E-16;100;TRUE
2109;{'ASPTA'};-4.06E-16;ok;0.586117545;-6.92E-16;100;TRUE
1046;{'I2FE2SSfdx'};-4.06E-16;ok;0.586117545;-6.92E-16;100;TRUE
2218;{'UAMAS'};-4.06E-16;ok;0.586117545;-6.92E-16;100;TRUE
2351;{'AGPAT181'};-4.06E-16;ok;0.586117545;-6.92E-16;100;TRUE
2856;{'NDPK8'};-4.06E-16;ok;0.586117545;-6.92E-16;100;TRUE
2008;{'UQUIVOT'};-3.86E-16;ok;0.586117545;-6.59E-16;100;TRUE
587;{'UAMAGS'};-3.04E-16;ok;0.586117545;-5.19E-16;100;TRUE
94;{'PDX5POi'};-3.04E-16;ok;0.586117545;-5.19E-16;100;TRUE
1002;{'UDCPDP'};-3.04E-16;ok;0.586117545;-5.19E-16;100;TRUE
1527;{'FEROpp'};-3.04E-16;ok;0.586117545;-5.19E-16;100;TRUE
635;{'3OAS181'};-3.04E-16;ok;0.586117545;-5.19E-16;100;TRUE
646;{'ASNS1'};-3.04E-16;ok;0.586117545;-5.19E-16;100;TRUE
684;{'HISTP'};-3.04E-16;ok;0.586117545;-5.19E-16;100;TRUE
826;{'FE2tex'};-3.04E-16;ok;0.586117545;-5.19E-16;100;TRUE
1049;{'PMPK'};-3.04E-16;ok;0.586117545;-5.19E-16;100;TRUE
1301;{'UPP3MT'};-3.04E-16;ok;0.586117545;-5.19E-16;100;TRUE
1694;{'3HAD141'};-3.04E-16;ok;0.586117545;-5.19E-16;100;TRUE
2185;{'DXPS'};-3.04E-16;ok;0.586117545;-5.19E-16;100;TRUE
2212;{'UAGPT3'};-3.04E-16;ok;0.586117545;-5.19E-16;100;TRUE
1369;{'NDPK7'};-3.04E-16;ok;0.586117545;-5.19E-16;100;TRUE
1776;{'PYOVD2tex'};-3.04E-16;ok;0.586117545;-5.19E-16;100;TRUE
1906;{'DHQS'};-3.04E-16;ok;0.586117545;-5.19E-16;100;TRUE
2087;{'FMNAT'};-3.04E-16;ok;0.586117545;-5.19E-16;100;TRUE
1291;{'MOAT2_kt'};-3.01E-16;ok;0.586117545;-5.13E-16;100;TRUE
453;{'3OAR80'};-2.95E-16;ok;0.586117545;-5.03E-16;100;TRUE
1753;{'ICYSDS'};-2.03E-16;ok;0.586117545;-3.46E-16;100;TRUE
124;{'OMCDC'};-2.03E-16;ok;0.586117545;-3.46E-16;100;TRUE
2111;{'PSSA181'};-2.03E-16;ok;0.586117545;-3.46E-16;100;TRUE
877;{'UAGCVT'};-1.91E-16;ok;0.586117545;-3.26E-16;100;TRUE
1289;{'3OAS80'};-1.87E-16;ok;0.586117545;-3.20E-16;100;TRUE
1739;{'DM_5drib_c'};-1.69E-16;ok;0.586117545;-2.89E-16;100;TRUE
270;{'KDOPS'};-1.03E-16;ok;0.586117545;-1.75E-16;100;TRUE
633;{'GMHEPAT'};-8.09E-17;ok;0.586117545;-1.38E-16;100;TRUE
2506;{'EDTXS1_kt'};-6.04E-17;ok;0.586117545;-1.03E-16;100;TRUE
2039;{'EAR60y'};-5.95E-17;ok;0.586117545;-1.02E-16;100;TRUE
711;{'HEPCT'};-5.04E-17;ok;0.586117545;-8.59E-17;100;TRUE
2091;{'AGMHE'};-4.93E-17;ok;0.586117545;-8.42E-17;100;TRUE
929;{'LIPAH'};-4.26E-17;ok;0.586117545;-7.27E-17;100;TRUE
809;{'G1PACT'};-2.79E-17;ok;0.586117545;-4.77E-17;100;TRUE
377;{'PANTS'};-2.19E-17;ok;0.586117545;-3.74E-17;100;TRUE
240;{'NDPK2'};-1.06E-17;ok;0.586117545;-1.81E-17;100;TRUE
2062;{'LIPOCT'};-1.29E-28;ok;0.586117545;-2.20E-28;100;TRUE
1099;{'MNtex'};-6.33E-29;ok;0.586117545;-1.08E-28;100;TRUE
2644;{'ORN5O'};-1.31E-29;ok;0.586117545;-2.24E-29;100;TRUE
2653;{'HEPK1_kt'};-4.30E-30;ok;0.586117545;-7.33E-30;100;TRUE
20;{'UAAGDS'};-1.59E-30;ok;0.586117545;-2.71E-30;100;TRUE
2349;{'TDSK2'};-5.98E-32;ok;0.586117545;-1.02E-31;100;TRUE
1672;{'ACGK'};-4.95E-32;ok;0.586117545;-8.45E-32;100;TRUE
995;{'UAGAAT2_1'};-1.34E-32;ok;0.586117545;-2.29E-32;100;TRUE
1082;{'U23GAAT2_1'};-1.85E-34;ok;0.586117545;-3.15E-34;100;TRUE
13;{'MNabc_1'};0;ok;0.586117545;0;100;TRUE
55;{'GRTT'};0;ok;0.586117545;0;100;TRUE
60;{'ALAALAr'};0;ok;0.586117545;0;100;TRUE
71;{'MLDCP1App'};0;ok;0.586117545;0;100;TRUE
104;{'DMQMT'};0;ok;0.586117545;0;100;TRUE
115;{'PQQFEP'};0;ok;0.586117545;0;100;TRUE
170;{'PQQAC'};0;ok;0.586117545;0;100;TRUE
179;{'ASPCT'};0;ok;0.586117545;0;100;TRUE
201;{'TMPK'};0;ok;0.586117545;0;100;TRUE
208;{'MCOATA'};0;ok;0.586117545;0;100;TRUE
217;{'CYRDAR'};0;ok;0.586117545;0;100;TRUE
233;{'UACGAMDH2'};0;ok;0.586117545;0;100;TRUE
249;{'COLIPAabcpp_kt'};0;ok;0.586117545;0;100;TRUE
255;{'3OAS160'};0;ok;0.586117545;0;100;TRUE
256;{'AGPAT140'};0;ok;0.586117545;0;100;TRUE
264;{'R05219'};0;ok;0.586117545;0;100;TRUE
271;{'HEPT1_kt'};0;ok;0.586117545;0;100;TRUE
313;{'PC6YM'};0;ok;0.586117545;0;100;TRUE
315;{'IPPMIb'};0;ok;0.586117545;0;100;TRUE
325;{'MDDCP2pp'};0;ok;0.586117545;0;100;TRUE
326;{'OHPHM'};0;ok;0.586117545;0;100;TRUE
332;{'UDCPPtppi'};0;ok;0.586117545;0;100;TRUE
376;{'ADCYRS'};0;ok;0.586117545;0;100;TRUE
399;{'MPTSS'};0;ok;0.586117545;0;100;TRUE
400;{'DM_amob_c'};0;ok;0.586117545;0;100;TRUE
449;{'PC20M'};0;ok;0.586117545;0;100;TRUE
467;{'TMPPP'};0;ok;0.586117545;0;100;TRUE
482;{'APRAUR'};0;ok;0.586117545;0;100;TRUE
483;{'PSD160'};0;ok;0.586117545;0;100;TRUE
497;{'CLPNS180pp'};0;ok;0.586117545;0;100;TRUE
505;{'EAR181y'};0;ok;0.586117545;0;100;TRUE
515;{'HEPT2_kt'};0;ok;0.586117545;0;100;TRUE
521;{'PDX5PS'};0;ok;0.586117545;0;100;TRUE
588;{'PSD180'};0;ok;0.586117545;0;100;TRUE
621;{'MPTAT'};0;ok;0.586117545;0;100;TRUE
627;{'DM_doxopa_c'};0;ok;0.586117545;0;100;TRUE
636;{'3OAS60'};0;ok;0.586117545;0;100;TRUE
640;{'UMPK'};0;ok;0.586117545;0;100;TRUE
649;{'IG3PS'};0;ok;0.586117545;0;100;TRUE
663;{'KDOPP'};0;ok;0.586117545;0;100;TRUE
668;{'PERD'};0;ok;0.586117545;0;100;TRUE
669;{'THZPSN'};0;ok;0.586117545;0;100;TRUE
685;{'KARA2'};0;ok;0.586117545;0;100;TRUE
694;{'DHNPTE'};0;ok;0.586117545;0;100;TRUE
698;{'DABAAT2'};0;ok;0.586117545;0;100;TRUE
715;{'DASYN181'};0;ok;0.586117545;0;100;TRUE
727;{'NNDMBRT'};0;ok;0.586117545;0;100;TRUE
728;{'DASYN140'};0;ok;0.586117545;0;100;TRUE
737;{'EX_cl_e'};0;ok;0.586117545;0;100;TRUE
750;{'EX_na1_e'};0;ok;0.586117545;0;100;TRUE
764;{'3HAD100'};0;ok;0.586117545;0;100;TRUE
765;{'PLPSabctex'};0;ok;0.586117545;0;100;TRUE
769;{'VNDH_2'};0;ok;0.586117545;0;100;TRUE
792;{'ADCL'};0;ok;0.586117545;0;100;TRUE
820;{'PSD140'};0;ok;0.586117545;0;100;TRUE
840;{'CLt3_2pp'};0;ok;0.586117545;0;100;TRUE
847;{'CPMPS'};0;ok;0.586117545;0;100;TRUE
874;{'CLPNS181pp'};0;ok;0.586117545;0;100;TRUE
910;{'PC8XM'};0;ok;0.586117545;0;100;TRUE
937;{'LPSALAT'};0;ok;0.586117545;0;100;TRUE
940;{'OPMEACPR'};0;ok;0.586117545;0;100;TRUE
951;{'AOXSr2'};0;ok;0.586117545;0;100;TRUE
1058;{'CLPNS160pp'};0;ok;0.586117545;0;100;TRUE
1059;{'MPTS'};0;ok;0.586117545;0;100;TRUE
1100;{'I2FE2SR'};0;ok;0.586117545;0;100;TRUE
1114;{'DM_tripeptide_c'};0;ok;0.586117545;0;100;TRUE
1120;{'PSSA180'};0;ok;0.586117545;0;100;TRUE
1125;{'DBTS'};0;ok;0.586117545;0;100;TRUE
1130;{'MOGDS'};0;ok;0.586117545;0;100;TRUE
1151;{'FBACS'};0;ok;0.586117545;0;100;TRUE
1169;{'RNDR2'};0;ok;0.586117545;0;100;TRUE
1172;{'OMBZLM'};0;ok;0.586117545;0;100;TRUE
1174;{'ACBIPGT'};0;ok;0.586117545;0;100;TRUE
1209;{'HEPK2_kt'};0;ok;0.586117545;0;100;TRUE
1217;{'1PQQS'};0;ok;0.586117545;0;100;TRUE
1220;{'SHCHF'};0;ok;0.586117545;0;100;TRUE
1249;{'ADCPS1'};0;ok;0.586117545;0;100;TRUE
1282;{'3OAR180'};0;ok;0.586117545;0;100;TRUE
1296;{'3OAS180'};0;ok;0.586117545;0;100;TRUE
1337;{'LPSGTR3_kt'};0;ok;0.586117545;0;100;TRUE
1338;{'MCTP2App'};0;ok;0.586117545;0;100;TRUE
1345;{'PC17M'};0;ok;0.586117545;0;100;TRUE
1382;{'PSSA160'};0;ok;0.586117545;0;100;TRUE
1386;{'EGMEACPR'};0;ok;0.586117545;0;100;TRUE
1390;{'ADOCBLS'};0;ok;0.586117545;0;100;TRUE
1421;{'GTHS'};0;ok;0.586117545;0;100;TRUE
1443;{'HBZOPT'};0;ok;0.586117545;0;100;TRUE
1478;{'LPSGTR1_kt'};0;ok;0.586117545;0;100;TRUE
1486;{'MOCOS'};0;ok;0.586117545;0;100;TRUE
1488;{'BLUB'};0;ok;0.586117545;0;100;TRUE
1533;{'COCHL'};0;ok;0.586117545;0;100;TRUE
1534;{'LPSGTR4_kt'};0;ok;0.586117545;0;100;TRUE
1561;{'FLDR2'};0;ok;0.586117545;0;100;TRUE
1574;{'IPPS'};0;ok;0.586117545;0;100;TRUE
1592;{'ASP3H'};0;ok;0.586117545;0;100;TRUE
1653;{'ASAD'};0;ok;0.586117545;0;100;TRUE
1711;{'AOBUTDs'};0;ok;0.586117545;0;100;TRUE
1723;{'AGPR'};0;ok;0.586117545;0;100;TRUE
1727;{'EAR40y'};0;ok;0.586117545;0;100;TRUE
1763;{'PSSA140'};0;ok;0.586117545;0;100;TRUE
1774;{'AGPAT160'};0;ok;0.586117545;0;100;TRUE
1785;{'CLPNS140pp'};0;ok;0.586117545;0;100;TRUE
1804;{'UAPGR'};0;ok;0.586117545;0;100;TRUE
1806;{'CFAS160G'};0;ok;0.586117545;0;100;TRUE
1832;{'MECDPDH5'};0;ok;0.586117545;0;100;TRUE
1860;{'MG2tex'};0;ok;0.586117545;0;100;TRUE
1875;{'AMPMS2'};0;ok;0.586117545;0;100;TRUE
1902;{'OCBT'};0;ok;0.586117545;0;100;TRUE
1937;{'EX_mg2_e'};0;ok;0.586117545;0;100;TRUE
1955;{'OMPHHX'};0;ok;0.586117545;0;100;TRUE
1974;{'4HBADH'};0;ok;0.586117545;0;100;TRUE
1975;{'LPSGTR2_kt'};0;ok;0.586117545;0;100;TRUE
1980;{'R05217_nad'};0;ok;0.586117545;0;100;TRUE
1983;{'PC11M'};0;ok;0.586117545;0;100;TRUE
1987;{'I4FE4ST'};0;ok;0.586117545;0;100;TRUE
2050;{'EX_cu2_e'};0;ok;0.586117545;0;100;TRUE
2059;{'DB4PS'};0;ok;0.586117545;0;100;TRUE
2060;{'3HAD161'};0;ok;0.586117545;0;100;TRUE
2093;{'THRA2'};0;ok;0.586117545;0;100;TRUE
2096;{'UPPDC1'};0;ok;0.586117545;0;100;TRUE
2098;{'ATHRDHr'};0;ok;0.586117545;0;100;TRUE
2119;{'DHORTS'};0;ok;0.586117545;0;100;TRUE
2127;{'EX_mn2_e'};0;ok;0.586117545;0;100;TRUE
2160;{'A5PISO'};0;ok;0.586117545;0;100;TRUE
2161;{'CFAS160E'};0;ok;0.586117545;0;100;TRUE
2177;{'DAPDC'};0;ok;0.586117545;0;100;TRUE
2189;{'UAGDP'};0;ok;0.586117545;0;100;TRUE
2201;{'TMDS'};0;ok;0.586117545;0;100;TRUE
2238;{'CAt6pp'};0;ok;0.586117545;0;100;TRUE
2247;{'HYGBDIAS'};0;ok;0.586117545;0;100;TRUE
2251;{'SHKK'};0;ok;0.586117545;0;100;TRUE
2271;{'ADOCBIK'};0;ok;0.586117545;0;100;TRUE
2272;{'USHD1'};0;ok;0.586117545;0;100;TRUE
2305;{'OGMEACPS'};0;ok;0.586117545;0;100;TRUE
2306;{'SK_pqqA_kt_c'};0;ok;0.586117545;0;100;TRUE
2327;{'PLPSLpp'};0;ok;0.586117545;0;100;TRUE
2336;{'ADCS'};0;ok;0.586117545;0;100;TRUE
2341;{'PGSA180'};0;ok;0.586117545;0;100;TRUE
2352;{'DASYN180'};0;ok;0.586117545;0;100;TRUE
2359;{'ASPK'};0;ok;0.586117545;0;100;TRUE
2365;{'FBACabcpp'};0;ok;0.586117545;0;100;TRUE
2377;{'RZ5PP'};0;ok;0.586117545;0;100;TRUE
2389;{'3PQQS'};0;ok;0.586117545;0;100;TRUE
2393;{'CYRDAAT'};0;ok;0.586117545;0;100;TRUE
2401;{'OHPBAT'};0;ok;0.586117545;0;100;TRUE
2403;{'OPMEACPS'};0;ok;0.586117545;0;100;TRUE
2408;{'COBALT2tpp'};0;ok;0.586117545;0;100;TRUE
2412;{'PC6AR'};0;ok;0.586117545;0;100;TRUE
2431;{'UDCPDPpp'};0;ok;0.586117545;0;100;TRUE
2434;{'3HAD120'};0;ok;0.586117545;0;100;TRUE
2442;{'PGMT'};0;ok;0.586117545;0;100;TRUE
2445;{'ATPPRT'};0;ok;0.586117545;0;100;TRUE
2455;{'MPTG2'};0;ok;0.586117545;0;100;TRUE
2472;{'3OAR160'};0;ok;0.586117545;0;100;TRUE
2479;{'OCTDPS'};0;ok;0.586117545;0;100;TRUE
2520;{'BMOGDS1'};0;ok;0.586117545;0;100;TRUE
2537;{'APPLDHr'};0;ok;0.586117545;0;100;TRUE
2568;{'ACODA'};0;ok;0.586117545;0;100;TRUE
2575;{'BMOCOS'};0;ok;0.586117545;0;100;TRUE
2578;{'OPHBDC'};0;ok;0.586117545;0;100;TRUE
2589;{'PQQH2S'};0;ok;0.586117545;0;100;TRUE
2645;{'DASYN160'};0;ok;0.586117545;0;100;TRUE
2656;{'ACOTA'};0;ok;0.586117545;0;100;TRUE
2692;{'PGSA140'};0;ok;0.586117545;0;100;TRUE
2704;{'IPMD'};0;ok;0.586117545;0;100;TRUE
2714;{'PYOVDM2'};0;ok;0.586117545;0;100;TRUE
2723;{'3OAR181'};0;ok;0.586117545;0;100;TRUE
2730;{'RNDR3'};0;ok;0.586117545;0;100;TRUE
2733;{'PPPGO'};0;ok;0.586117545;0;100;TRUE
2774;{'EAR140y'};0;ok;0.586117545;0;100;TRUE
2785;{'PYOVDM1'};0;ok;0.586117545;0;100;TRUE
2798;{'LPADSS2_1'};0;ok;0.586117545;0;100;TRUE
2802;{'GTPCII2'};0;ok;0.586117545;0;100;TRUE
2838;{'UDPG4E'};0;ok;0.586117545;0;100;TRUE
2849;{'3HAD80'};0;ok;0.586117545;0;100;TRUE
2870;{'MOADSUx'};0;ok;0.586117545;0;100;TRUE
2880;{'MOAT_kt'};0;ok;0.586117545;0;100;TRUE
2885;{'HSTPT'};0;ok;0.586117545;0;100;TRUE
2897;{'BIOMASS_KT2440_WT3'};0;ok;0.586117545;0;100;TRUE
2910;{'HEPK3_kt'};0;ok;0.586117545;0;100;TRUE
561;{'PGAMT'};3.99E-34;ok;0.586117545;6.81E-34;100;TRUE
862;{'S7PI'};8.44E-33;ok;0.586117545;1.44E-32;100;TRUE
860;{'UHGADA2_1'};1.42E-32;ok;0.586117545;2.42E-32;100;TRUE
2473;{'PGSA160'};7.43E-31;ok;0.586117545;1.27E-30;100;TRUE
2191;{'LIPOS'};9.31E-31;ok;0.586117545;1.59E-30;100;TRUE
333;{'ARGSS'};9.36E-31;ok;0.586117545;1.60E-30;100;TRUE
791;{'BMOGDS2'};7.57E-30;ok;0.586117545;1.29E-29;100;TRUE
2378;{'RBFSb'};2.32E-29;ok;0.586117545;3.96E-29;100;TRUE
1339;{'UGMDDS'};3.02E-29;ok;0.586117545;5.16E-29;100;TRUE
53;{'5DOAN'};1.20E-27;ok;0.586117545;2.05E-27;100;TRUE
1003;{'BTS5'};7.83E-27;ok;0.586117545;1.34E-26;100;TRUE
533;{'3HAD60'};4.66E-19;ok;0.586117545;7.95E-19;100;TRUE
2206;{'PGPP140'};9.16E-18;ok;0.586117545;1.56E-17;100;TRUE
2610;{'3HAD40'};1.81E-17;ok;0.586117545;3.09E-17;100;TRUE
1384;{'DTMPK'};7.64E-17;ok;0.586117545;1.30E-16;100;TRUE
2801;{'CLtex'};8.02E-17;ok;0.586117545;1.37E-16;100;TRUE
743;{'EDTXS2_kt'};8.63E-17;ok;0.586117545;1.47E-16;100;TRUE
2427;{'ACCOAC'};1.40E-16;ok;0.586117545;2.39E-16;100;TRUE
2597;{'3OAR60'};1.49E-16;ok;0.586117545;2.55E-16;100;TRUE
551;{'3OAR100'};1.55E-16;ok;0.586117545;2.65E-16;100;TRUE
2643;{'EAR80y'};1.70E-16;ok;0.586117545;2.90E-16;100;TRUE
1405;{'SHCHD2'};2.03E-16;ok;0.586117545;3.46E-16;100;TRUE
157;{'ACGS'};2.03E-16;ok;0.586117545;3.46E-16;100;TRUE
2339;{'3OAS100'};2.24E-16;ok;0.586117545;3.82E-16;100;TRUE
2390;{'3OAS161'};2.61E-16;ok;0.586117545;4.45E-16;100;TRUE
1192;{'DHPPDA2'};3.04E-16;ok;0.586117545;5.19E-16;100;TRUE
1315;{'EX_zn2_e'};3.04E-16;ok;0.586117545;5.19E-16;100;TRUE
1377;{'E4PD'};3.04E-16;ok;0.586117545;5.19E-16;100;TRUE
1768;{'ZNabcpp'};3.04E-16;ok;0.586117545;5.19E-16;100;TRUE
1880;{'PMDPHT'};3.04E-16;ok;0.586117545;5.19E-16;100;TRUE
285;{'FE3DCITCH'};3.04E-16;ok;0.586117545;5.19E-16;100;TRUE
296;{'3HAD181'};3.04E-16;ok;0.586117545;5.19E-16;100;TRUE
689;{'EX_cobalt2_e'};3.04E-16;ok;0.586117545;5.19E-16;100;TRUE
1544;{'EX_k_e'};3.04E-16;ok;0.586117545;5.19E-16;100;TRUE
1665;{'ANPRT'};3.04E-16;ok;0.586117545;5.19E-16;100;TRUE
2588;{'GALUi'};3.66E-16;ok;0.586117545;6.25E-16;100;TRUE
1245;{'NDPK4'};4.06E-16;ok;0.586117545;6.92E-16;100;TRUE
970;{'AGPAT180'};4.06E-16;ok;0.586117545;6.92E-16;100;TRUE
1287;{'COBALT2tex'};4.06E-16;ok;0.586117545;6.92E-16;100;TRUE
1206;{'CHORM'};4.06E-16;ok;0.586117545;6.92E-16;100;TRUE
2674;{'ORPT'};4.06E-16;ok;0.586117545;6.92E-16;100;TRUE
206;{'EAR180y'};4.06E-16;ok;0.586117545;6.92E-16;100;TRUE
537;{'IGPDH'};4.06E-16;ok;0.586117545;6.92E-16;100;TRUE
1156;{'EX_ca2_e'};4.06E-16;ok;0.586117545;6.92E-16;100;TRUE
1168;{'AMAOTr'};4.06E-16;ok;0.586117545;6.92E-16;100;TRUE
1539;{'Zn2tex'};4.06E-16;ok;0.586117545;6.92E-16;100;TRUE
2304;{'UPP3S'};4.06E-16;ok;0.586117545;6.92E-16;100;TRUE
2457;{'NAtex'};4.06E-16;ok;0.586117545;6.92E-16;100;TRUE
2776;{'MPTG'};4.06E-16;ok;0.586117545;6.92E-16;100;TRUE
2381;{'KDOCT2'};4.14E-16;ok;0.586117545;7.07E-16;100;TRUE
1558;{'GMHEPK'};4.63E-16;ok;0.586117545;7.90E-16;100;TRUE
841;{'3OAR40'};5.09E-16;ok;0.586117545;8.69E-16;100;TRUE
19;{'HSDy'};6.08E-16;ok;0.586117545;1.04E-15;100;TRUE
229;{'I2FE2ST'};6.08E-16;ok;0.586117545;1.04E-15;100;TRUE
374;{'DHDPS'};6.08E-16;ok;0.586117545;1.04E-15;100;TRUE
456;{'ACLS'};6.08E-16;ok;0.586117545;1.04E-15;100;TRUE
512;{'ARGSL'};6.08E-16;ok;0.586117545;1.04E-15;100;TRUE
1564;{'OMMBLHX'};6.08E-16;ok;0.586117545;1.04E-15;100;TRUE
1414;{'OMPDC'};6.09E-16;ok;0.586117545;1.04E-15;100;TRUE
114;{'EX_fe2_e'};8.11E-16;ok;0.586117545;1.38E-15;100;TRUE
2175;{'RBFK'};8.11E-16;ok;0.586117545;1.38E-15;100;TRUE
1133;{'CDPMEK'};8.11E-16;ok;0.586117545;1.38E-15;100;TRUE
1410;{'PRATPP'};8.11E-16;ok;0.586117545;1.38E-15;100;TRUE
2266;{'EX_ni2_e'};8.11E-16;ok;0.586117545;1.38E-15;100;TRUE
2501;{'Ktex'};8.11E-16;ok;0.586117545;1.38E-15;100;TRUE
2720;{'BACCL'};8.11E-16;ok;0.586117545;1.38E-15;100;TRUE
2722;{'DAPE'};8.11E-16;ok;0.586117545;1.38E-15;100;TRUE
2760;{'UDCPDPS'};8.11E-16;ok;0.586117545;1.38E-15;100;TRUE
2280;{'FE3abcpp'};8.11E-16;ok;0.586117545;1.38E-15;100;TRUE
692;{'PPBNGS'};9.13E-16;ok;0.586117545;1.56E-15;100;TRUE
2587;{'G1SAT'};1.22E-15;ok;0.586117545;2.08E-15;100;TRUE
1514;{'GMPS2'};1.22E-15;ok;0.586117545;2.08E-15;100;TRUE
735;{'GLUTRS'};1.22E-15;ok;0.586117545;2.08E-15;100;TRUE
241;{'KARA1'};1.48E-15;ok;0.586117545;2.53E-15;100;TRUE
2065;{'EAR141y'};1.62E-15;ok;0.586117545;2.77E-15;100;TRUE
1708;{'TRDR'};1.83E-15;ok;0.586117545;3.11E-15;100;TRUE
2872;{'NH4tpp'};2.29E-15;ok;0.586117545;3.90E-15;100;TRUE
2624;{'GK1'};2.43E-15;ok;0.586117545;4.15E-15;100;TRUE
2115;{'MCTP1App'};2.64E-15;ok;0.586117545;4.50E-15;100;TRUE
2097;{'NH4tex'};2.82E-15;ok;0.586117545;4.81E-15;100;TRUE
660;{'METS'};2.84E-15;ok;0.586117545;4.85E-15;100;TRUE
971;{'GF6PTA'};3.30E-15;ok;0.586117545;5.64E-15;100;TRUE
1881;{'GMHEPPA'};3.89E-15;ok;0.586117545;6.63E-15;100;TRUE
2528;{'PRFGS'};4.36E-15;ok;0.586117545;7.44E-15;100;TRUE
1907;{'IMPC'};4.78E-15;ok;0.586117545;8.15E-15;100;TRUE
2223;{'SULR'};5.17E-15;ok;0.586117545;8.82E-15;100;TRUE
1797;{'MTHFR2'};8.52E-15;ok;0.586117545;1.45E-14;100;TRUE
246;{'EX_pi_e'};9.10E-15;ok;0.586117545;1.55E-14;100;TRUE
1383;{'ADSL1r'};1.25E-14;ok;0.586117545;2.13E-14;100;TRUE
2800;{'PRAIS'};1.58E-14;ok;0.586117545;2.70E-14;100;TRUE
1662;{'ADSL2r'};1.73E-14;ok;0.586117545;2.96E-14;100;TRUE
67;{'PSP_L'};1.77E-14;ok;0.586117545;3.02E-14;100;TRUE
1098;{'DHFS'};4.26E-14;ok;0.586117545;7.27E-14;100;TRUE
2679;{'2PQQS'};5.66E-14;ok;0.586117545;9.66E-14;100;TRUE
82;{'ADSS'};7.14E-14;ok;0.586117545;1.22E-13;100;TRUE
2875;{'PPRGL'};7.83E-14;ok;0.586117545;1.34E-13;100;TRUE
2169;{'METAT'};9.55E-14;ok;0.586117545;1.63E-13;100;TRUE
2836;{'DMATT'};9.74E-14;ok;0.586117545;1.66E-13;100;TRUE
984;{'AIRC3'};1.14E-13;ok;0.586117545;1.94E-13;100;TRUE
2678;{'DPR'};2.13E-13;ok;0.586117545;3.64E-13;100;TRUE
1367;{'DXPRIi'};2.33E-13;ok;0.586117545;3.98E-13;100;TRUE
666;{'DNTPPA'};3.33E-13;ok;0.586117545;5.67E-13;100;TRUE
1729;{'NADS1'};3.53E-13;ok;0.586117545;6.01E-13;100;TRUE
213;{'DHNPA_1'};4.28E-13;ok;0.586117545;7.30E-13;100;TRUE
2492;{'MOHMT'};4.50E-13;ok;0.586117545;7.68E-13;100;TRUE
2566;{'AHCi'};5.95E-13;ok;0.586117545;1.01E-12;100;TRUE
2043;{'PPNCL2'};1.11E-12;ok;0.586117545;1.89E-12;100;TRUE
2599;{'DPCOAK'};1.11E-12;ok;0.586117545;1.89E-12;100;TRUE
2067;{'EPMEACPR'};2.01E-12;ok;0.586117545;3.43E-12;100;TRUE
1072;{'NNATr'};2.50E-12;ok;0.586117545;4.26E-12;100;TRUE
1929;{'OGMEACPD'};2.78E-12;ok;0.586117545;4.74E-12;100;TRUE
600;{'PNTK'};3.41E-12;ok;0.586117545;5.82E-12;100;TRUE
2703;{'OPMEACPD'};5.43E-12;ok;0.586117545;9.27E-12;100;TRUE
2450;{'PMEACPE'};5.70E-12;ok;0.586117545;9.72E-12;100;TRUE
2395;{'OGMEACPR'};7.24E-12;ok;0.586117545;1.24E-11;100;TRUE
943;{'MALCOAMT'};7.31E-12;ok;0.586117545;1.25E-11;100;TRUE
